<application>
  <component name="CodeFoldingSettings">
    <option name="COLLAPSE_IMPORTS" value="false" />
    <option name="COLLAPSE_FILE_HEADER" value="false" />
  </component>
  <component name="CodeInsightSettings">
    <option name="INSERT_BRACE_ON_ENTER" value="false" />
    <option name="AUTOINSERT_PAIR_BRACKET" value="false" />
    <option name="REFORMAT_BLOCK_ON_RBRACE" value="false" />
  </component>
  <component name="CodeVisionSettings">
    <option name="codeVisionGroupToPosition">
      <map>
        <entry key="inheritors" value="Default" />
        <entry key="references" value="Default" />
        <entry key="vcs.code.vision" value="Default" />
      </map>
    </option>
    <option name="disabledCodeVisionProviderIds">
      <set>
        <option value="references" />
        <option value="vcs.code.vision" />
      </set>
    </option>
  </component>
  <component name="EditorSettings">
    <option name="languageBreadcrumbsMap">
      <map>
        <entry key="JAVA" value="true" />
      </map>
    </option>
    <option name="USE_SOFT_WRAPS" value="MAIN_EDITOR:CONSOLE:PREVIEW" />
    <option name="SOFT_WRAP_FILE_MASKS" value="*.md; *.txt; *.rst; *.adoc; *.rs" />
    <option name="SHOW_BREADCRUMBS" value="false" />
    <option name="ADDITIONAL_PAGE_AT_BOTTOM" value="true" />
  </component>
  <component name="InlayHintsSettings">
    <option name="disabledHintProviderIds">
      <set>
        <option value="Dockerfile.docker.inlay.hints" />
        <option value="JavaScript.js.chain.hints" />
        <option value="JavaScript.js.type.hints" />
        <option value="Markdown.MarkdownTableInlayProviderSettingsKey" />
        <option value="ObjectiveC.oc.type.hints" />
        <option value="Rust.chain-method.hints" />
        <option value="Rust.rust.type.hints" />
        <option value="SQL.sql.join.cardinality.hints" />
        <option value="TypeScript.ts.chain.hints" />
        <option value="TypeScript.ts.enum.hints" />
        <option value="TypeScript.ts.type.hints" />
      </set>
    </option>
    <option name="lastViewedProviderKeyId" value="" />
    <settingsMapElement>
      <ObjectiveC.oc.type.hints>
        <ClionClangTypeHintSettings>
          <option name="showDeducedParameterTypes" value="false" />
          <option name="showDeducedReturnTypes" value="false" />
          <option name="showForLambdas" value="false" />
          <option name="showForVariables" value="false" />
        </ClionClangTypeHintSettings>
      </ObjectiveC.oc.type.hints>
      <JavaScript.js.type.hints>
        <Settings>
          <option name="showForInferredParameters" value="false" />
        </Settings>
      </JavaScript.js.type.hints>
      <Rust.rust.type.hints>
        <Settings>
          <option name="showForIterators" value="false" />
          <option name="showForLambdas" value="false" />
          <option name="showForPlaceholders" value="false" />
          <option name="showForVariables" value="false" />
        </Settings>
      </Rust.rust.type.hints>
      <TypeScript.ts.type.hints>
        <Settings>
          <option name="showForInferredParameters" value="false" />
        </Settings>
      </TypeScript.ts.type.hints>
      <Rust.chain-method.hints>
        <Settings>
          <option name="iteratorSpecialCase" value="false" />
          <option name="showSameConsecutiveTypes" value="false" />
        </Settings>
      </Rust.chain-method.hints>
    </settingsMapElement>
  </component>
  <component name="TodoConfiguration">
    <pattern pattern="\b(todo|fixme)\b.*" />
    <pattern icon="important" pattern="\b(todo\b\(maciej\):?).*" />
    <pattern icon="important" pattern="\b(todo\b(\s)*\(msoltys\):?).*" />
    <filter name="maciej">
      <pattern index="1" />
      <pattern index="2" />
    </filter>
  </component>
</application>