<application>
  <component name="GeneralSettings">
    <option name="showTipsOnStartup" value="false" />
    <option name="searchInBackground" value="true" />
    <option name="confirmExit" value="false" />
    <option name="confirmOpenNewProject2" value="-1" />
  </component>
  <component name="Registry">
    <entry key="ide.tooltip.initialDelay" value="0" />
    <entry key="ide.experimental.ui" value="false" />
    <entry key="debugger.new.tool.window.layout" value="false" />
    <entry key="idea.plugins.compatible.build" value="" />
  </component>
  <component name="StatusBar">
    <option name="widgets">
      <map>
        <entry key="Memory" value="true" />
        <entry key="Position" value="false" />
        <entry key="rustExternalLinterWidget" value="false" />
      </map>
    </option>
  </component>
</application>