<application>
  <component name="UISettings">
    <option name="EDITOR_TAB_PLACEMENT" value="3" />
    <option name="FULL_PATHS_IN_TITLE_BAR" value="true" />
    <option name="HIDE_TOOL_STRIPES" value="true" />
    <option name="MAX_LOOKUP_LIST_HEIGHT" value="30" />
    <option name="MAX_LOOKUP_WIDTH2" value="823" />
    <option name="BORDERLESS_MODE" value="false" />
    <option name="OVERRIDE_NONIDEA_LAF_FONTS" value="true" />
    <option name="SHOW_MAIN_MENU" value="false" />
    <option name="SHOW_NAVIGATION_BAR" value="false" />
    <option name="SHOW_STATUS_BAR" value="false" />
    <option name="showTreeIndentGuides" value="true" />
    <option name="WIDESCREEN_SUPPORT" value="true" />
  </component>
</application>