<keymap version="1" name="aQaMap" parent="NetBeans 6.5">
  <action id="ActivateBuildToolWindow">
    <keyboard-shortcut first-keystroke="alt 0" />
  </action>
  <action id="ActivateCommitToolWindow" />
  <action id="ActivateProblemsViewToolWindow">
    <keyboard-shortcut first-keystroke="ctrl 6" />
  </action>
  <action id="ActivateRunToolWindow">
    <keyboard-shortcut first-keystroke="alt 6" />
  </action>
  <action id="ActivateTODOToolWindow">
    <keyboard-shortcut first-keystroke="alt 4" />
  </action>
  <action id="ActivateTerminalToolWindow">
    <keyboard-shortcut first-keystroke="alt t" />
  </action>
  <action id="ActivateVersionControlToolWindow">
    <keyboard-shortcut first-keystroke="alt 3" />
  </action>
  <action id="Annotate">
    <keyboard-shortcut first-keystroke="alt b" />
  </action>
  <action id="Arrangement.Rule.Edit" />
  <action id="BookmarksView.Rename" />
  <action id="Build" />
  <action id="CIDR.Lang.IntroduceTypedef" />
  <action id="Cargo.RefreshCargoProject">
    <keyboard-shortcut first-keystroke="f11" />
  </action>
  <action id="Cargo.RustfmtCargoProject">
    <keyboard-shortcut first-keystroke="ctrl alt f" />
    <keyboard-shortcut first-keystroke="f4" />
  </action>
  <action id="Cargo.RustfmtFile">
    <keyboard-shortcut first-keystroke="shift ctrl alt f" />
  </action>
  <action id="ChangesView.Refresh">
    <keyboard-shortcut first-keystroke="shift ctrl r" />
  </action>
  <action id="ChooseDebugConfiguration">
    <keyboard-shortcut first-keystroke="shift alt f9" />
    <keyboard-shortcut first-keystroke="ctrl f5" />
  </action>
  <action id="ChooseRunConfiguration" />
  <action id="CloseAllEditorsButActive">
    <keyboard-shortcut first-keystroke="shift alt w" />
  </action>
  <action id="CloseContent">
    <keyboard-shortcut first-keystroke="ctrl f4" />
    <keyboard-shortcut first-keystroke="ctrl w" />
    <keyboard-shortcut first-keystroke="alt w" />
  </action>
  <action id="CollapseRegionRecursively">
    <keyboard-shortcut first-keystroke="ctrl divide" />
    <keyboard-shortcut first-keystroke="ctrl alt minus" />
  </action>
  <action id="CommentByLineComment">
    <keyboard-shortcut first-keystroke="ctrl slash" />
  </action>
  <action id="Compile" />
  <action id="CompileDirty" />
  <action id="Console.TableResult.EditFilterCriteria" />
  <action id="Console.TableResult.EditValue">
    <keyboard-shortcut first-keystroke="enter" />
    <keyboard-shortcut first-keystroke="alt enter" />
  </action>
  <action id="Console.TableResult.GotoReferencedResult">
    <mouse-shortcut keystroke="button1 doubleClick" />
    <keyboard-shortcut first-keystroke="enter" />
    <keyboard-shortcut first-keystroke="alt enter" />
  </action>
  <action id="ContextHelp" />
  <action id="CopyReferencePopupGroup">
    <keyboard-shortcut first-keystroke="ctrl alt c" />
  </action>
  <action id="DatabaseView.CopyDdlAction">
    <keyboard-shortcut first-keystroke="shift ctrl alt g" />
  </action>
  <action id="DatabaseView.FullTextSearch" />
  <action id="DatabaseView.OpenDdlInConsole" />
  <action id="Debug">
    <keyboard-shortcut first-keystroke="f5" />
  </action>
  <action id="EditSource" />
  <action id="EditorAddOrRemoveCaret">
    <mouse-shortcut keystroke="shift alt button1" />
    <mouse-shortcut keystroke="shift control button1" />
  </action>
  <action id="EditorDown">
    <keyboard-shortcut first-keystroke="down" />
    <keyboard-shortcut first-keystroke="ctrl n" />
  </action>
  <action id="EditorLookupSelectionDown">
    <keyboard-shortcut first-keystroke="ctrl n" />
  </action>
  <action id="EditorLookupSelectionUp">
    <keyboard-shortcut first-keystroke="ctrl p" />
  </action>
  <action id="EditorUp">
    <keyboard-shortcut first-keystroke="up" />
    <keyboard-shortcut first-keystroke="ctrl p" />
  </action>
  <action id="ExpandRegionRecursively">
    <keyboard-shortcut first-keystroke="ctrl multiply" />
    <keyboard-shortcut first-keystroke="ctrl alt equals" />
  </action>
  <action id="ExpressionTypeInfo">
    <keyboard-shortcut first-keystroke="alt h" />
  </action>
  <action id="ExternalSystem.OpenConfig" />
  <action id="FileChooser.NewFolder">
    <keyboard-shortcut first-keystroke="alt insert" />
  </action>
  <action id="FileStructurePopup">
    <keyboard-shortcut first-keystroke="f9" />
  </action>
  <action id="Find">
    <keyboard-shortcut first-keystroke="ctrl f" />
    <keyboard-shortcut first-keystroke="f3" />
  </action>
  <action id="FindNext" />
  <action id="FindPrevious">
    <keyboard-shortcut first-keystroke="shift ctrl l" />
  </action>
  <action id="FindUsages">
    <keyboard-shortcut first-keystroke="f7" />
  </action>
  <action id="Git.Branches">
    <keyboard-shortcut first-keystroke="shift ctrl back_quote" />
    <keyboard-shortcut first-keystroke="alt g" />
  </action>
  <action id="Git.Commit.And.Push.Executor" />
  <action id="GitCheckoutFromInputAction">
    <keyboard-shortcut first-keystroke="alt c" />
  </action>
  <action id="GotoDeclaration">
    <keyboard-shortcut first-keystroke="ctrl b" />
    <mouse-shortcut keystroke="control button1" />
    <keyboard-shortcut first-keystroke="f12" />
  </action>
  <action id="GotoImplementation">
    <mouse-shortcut keystroke="control alt button1" />
    <keyboard-shortcut first-keystroke="alt i" />
  </action>
  <action id="GotoNextElementUnderCaretUsage">
    <keyboard-shortcut first-keystroke="alt down" />
    <keyboard-shortcut first-keystroke="shift alt j" />
  </action>
  <action id="GotoNextError">
    <keyboard-shortcut first-keystroke="ctrl period" />
  </action>
  <action id="GotoPrevElementUnderCaretUsage">
    <keyboard-shortcut first-keystroke="alt up" />
    <keyboard-shortcut first-keystroke="shift alt k" />
  </action>
  <action id="GotoSuperMethod" />
  <action id="GotoTest" />
  <action id="GotoTypeDeclaration">
    <keyboard-shortcut first-keystroke="shift ctrl b" />
  </action>
  <action id="HippieBackwardCompletion" />
  <action id="InsertLiveTemplate" />
  <action id="Jdbc.OpenConsole.New" />
  <action id="Jdbc.OpenConsole.New.Generate" />
  <action id="JumpToLastWindow" />
  <action id="Macro.fold function">
    <keyboard-shortcut first-keystroke="alt f" />
  </action>
  <action id="MainMenu">
    <keyboard-shortcut first-keystroke="alt m" />
  </action>
  <action id="MethodDown">
    <keyboard-shortcut first-keystroke="alt j" />
  </action>
  <action id="MethodUp">
    <keyboard-shortcut first-keystroke="alt k" />
  </action>
  <action id="MoveEditorToOppositeTabGroup">
    <keyboard-shortcut first-keystroke="alt period" />
  </action>
  <action id="MoveTabRight">
    <keyboard-shortcut first-keystroke="alt close_bracket" />
  </action>
  <action id="NavBar-navigate" />
  <action id="NewElement">
    <keyboard-shortcut first-keystroke="alt insert" />
  </action>
  <action id="NewElementMenu">
    <keyboard-shortcut first-keystroke="shift ctrl n" />
  </action>
  <action id="NewScratchFile">
    <keyboard-shortcut first-keystroke="shift ctrl alt insert" />
    <keyboard-shortcut first-keystroke="ctrl alt b" />
  </action>
  <action id="NextSplitter">
    <keyboard-shortcut first-keystroke="ctrl l" />
  </action>
  <action id="NextTab">
    <keyboard-shortcut first-keystroke="ctrl page_down" />
    <keyboard-shortcut first-keystroke="ctrl k" />
  </action>
  <action id="OpenEditorInOppositeTabGroup">
    <keyboard-shortcut first-keystroke="alt comma" />
  </action>
  <action id="OpenElementInNewWindow">
    <keyboard-shortcut first-keystroke="ctrl enter" />
  </action>
  <action id="ParameterInfo">
    <keyboard-shortcut first-keystroke="ctrl p" />
    <keyboard-shortcut first-keystroke="alt p" />
  </action>
  <action id="PreviousTab">
    <keyboard-shortcut first-keystroke="ctrl page_up" />
    <keyboard-shortcut first-keystroke="ctrl j" />
  </action>
  <action id="ProjectViewEditSource" />
  <action id="QuickJavaDoc">
    <keyboard-shortcut first-keystroke="ctrl q" />
    <mouse-shortcut keystroke="alt button2" />
    <keyboard-shortcut first-keystroke="ctrl alt q" />
  </action>
  <action id="RemoteHostView.EditSource" />
  <action id="ReopenClosedTab">
    <keyboard-shortcut first-keystroke="shift ctrl t" />
  </action>
  <action id="Replace">
    <keyboard-shortcut first-keystroke="ctrl h" />
    <keyboard-shortcut first-keystroke="shift f3" />
  </action>
  <action id="Run">
    <keyboard-shortcut first-keystroke="alt r" />
  </action>
  <action id="RunToCursor" />
  <action id="Rust.Build" />
  <action id="Scratch.ShowFilesPopup">
    <keyboard-shortcut first-keystroke="shift ctrl alt b" />
  </action>
  <action id="SearchEverywhere">
    <keyboard-shortcut first-keystroke="shift ctrl p" />
    <keyboard-shortcut first-keystroke="f2" />
  </action>
  <action id="SelectInProjectView">
    <keyboard-shortcut first-keystroke="f8" />
  </action>
  <action id="SelectNextOccurrence" />
  <action id="ServiceView.OpenInToolWindow">
    <keyboard-shortcut first-keystroke="shift ctrl q" />
  </action>
  <action id="ServiceView.ShowServices" />
  <action id="ShowBlankDiffWindow">
    <keyboard-shortcut first-keystroke="f10" />
  </action>
  <action id="ShowErrorDescription">
    <keyboard-shortcut first-keystroke="f1" />
  </action>
  <action id="Sql.EditParameter" />
  <action id="SurroundWithLiveTemplate" />
  <action id="SwitchHeaderSource" />
  <action id="SynchronizeCurrentFile">
    <keyboard-shortcut first-keystroke="ctrl alt r" />
  </action>
  <action id="Table-startEditing" />
  <action id="TableResult.UnselectPreviousOccurrence" />
  <action id="Terminal.ClearBuffer" />
  <action id="Terminal.NewTab" />
  <action id="ToggleRenderedDocPresentation" />
  <action id="Tool_External Tools_ssc">
    <keyboard-shortcut first-keystroke="f6" />
  </action>
  <action id="Tree-startEditing" />
  <action id="UnselectPreviousOccurrence" />
  <action id="Unsplit">
    <keyboard-shortcut first-keystroke="alt open_bracket" />
  </action>
  <action id="Vcs.Log.FocusTextFilter" />
  <action id="Vcs.Log.ShowTooltip">
    <keyboard-shortcut first-keystroke="ctrl q" />
    <mouse-shortcut keystroke="alt button2" />
  </action>
  <action id="Vcs.ToggleAmendCommitMode" />
  <action id="VcsShowNextChangeMarker">
    <keyboard-shortcut first-keystroke="ctrl alt j" />
  </action>
  <action id="VcsShowPrevChangeMarker">
    <keyboard-shortcut first-keystroke="ctrl alt k" />
  </action>
  <action id="XDebugger.EditWatch" />
  <action id="XDebugger.SetValue" />
  <action id="org.intellij.plugins.markdown.ui.actions.styling.ToggleCodeSpanAction" />
  <action id="tasks.close" />
</keymap>