<keymap version="1" name="aQaMap" parent="NetBeans 6.5">
  <action id="ActivateBuildToolWindow">
    <keyboard-shortcut first-keystroke="alt 0" />
  </action>
  <action id="ActivateCommitToolWindow" />
  <action id="ActivateTerminalToolWindow">
    <keyboard-shortcut first-keystroke="f4" />
  </action>
  <action id="Annotate">
    <keyboard-shortcut first-keystroke="alt b" />
  </action>
  <action id="ChooseRunConfiguration">
    <keyboard-shortcut first-keystroke="shift alt f10" />
    <keyboard-shortcut first-keystroke="f6" />
  </action>
  <action id="Compile" />
  <action id="ContextHelp" />
  <action id="FileStructurePopup">
    <keyboard-shortcut first-keystroke="ctrl f12" />
    <keyboard-shortcut first-keystroke="shift ctrl f12" />
    <keyboard-shortcut first-keystroke="f9" />
  </action>
  <action id="Find">
    <keyboard-shortcut first-keystroke="ctrl f" />
    <keyboard-shortcut first-keystroke="f3" />
  </action>
  <action id="FindNext">
    <keyboard-shortcut first-keystroke="down" />
  </action>
  <action id="FindPrevious">
    <keyboard-shortcut first-keystroke="up" />
  </action>
  <action id="FindUsages">
    <keyboard-shortcut first-keystroke="f7" />
  </action>
  <action id="MainMenu">
    <keyboard-shortcut first-keystroke="alt m" />
  </action>
  <action id="MoveTabRight">
    <keyboard-shortcut first-keystroke="alt close_bracket" />
  </action>
  <action id="NextSplitter">
    <keyboard-shortcut first-keystroke="ctrl l" />
  </action>
  <action id="Replace">
    <keyboard-shortcut first-keystroke="ctrl h" />
    <keyboard-shortcut first-keystroke="shift f3" />
  </action>
  <action id="Run">
    <keyboard-shortcut first-keystroke="alt r" />
  </action>
  <action id="SelectInProjectView">
    <keyboard-shortcut first-keystroke="f8" />
  </action>
  <action id="ShowErrorDescription">
    <keyboard-shortcut first-keystroke="f1" />
  </action>
  <action id="Terminal.ClearBuffer" />
  <action id="Unsplit">
    <keyboard-shortcut first-keystroke="alt open_bracket" />
  </action>
  <action id="Vcs.Log.FocusTextFilter" />
  <action id="Vcs.ToggleAmendCommitMode" />
</keymap>