<keymap version="1" name="aQaMap" parent="NetBeans 6.5">
  <action id="ActivateBuildToolWindow">
    <keyboard-shortcut first-keystroke="alt 0" />
  </action>
  <action id="ActivateCommitToolWindow" />
  <action id="ActivateTerminalToolWindow">
    <keyboard-shortcut first-keystroke="f4" />
  </action>
  <action id="ActivateVersionControlToolWindow">
    <keyboard-shortcut first-keystroke="alt 3" />
  </action>
  <action id="Annotate">
    <keyboard-shortcut first-keystroke="alt b" />
  </action>
  <action id="Arrangement.Rule.Edit" />
  <action id="BookmarksView.Rename" />
  <action id="Build" />
  <action id="Cargo.RefreshCargoProject">
    <keyboard-shortcut first-keystroke="f11" />
  </action>
  <action id="Cargo.RustfmtCargoProject">
    <keyboard-shortcut first-keystroke="ctrl alt f" />
    <keyboard-shortcut first-keystroke="f2" />
  </action>
  <action id="Cargo.RustfmtFile">
    <keyboard-shortcut first-keystroke="shift ctrl alt f" />
  </action>
  <action id="ChooseRunConfiguration">
    <keyboard-shortcut first-keystroke="f6" />
  </action>
  <action id="CommentByLineComment">
    <keyboard-shortcut first-keystroke="ctrl slash" />
  </action>
  <action id="Compile" />
  <action id="CompileDirty" />
  <action id="Console.TableResult.EditFilterCriteria" />
  <action id="Console.TableResult.EditValue">
    <keyboard-shortcut first-keystroke="enter" />
    <keyboard-shortcut first-keystroke="alt enter" />
  </action>
  <action id="ContextHelp" />
  <action id="CopyReferencePopupGroup">
    <keyboard-shortcut first-keystroke="ctrl alt c" />
  </action>
  <action id="DatabaseView.CopyDdlAction">
    <keyboard-shortcut first-keystroke="shift ctrl alt g" />
  </action>
  <action id="DatabaseView.FullTextSearch" />
  <action id="DatabaseView.OpenDdlInConsole" />
  <action id="Debug">
    <keyboard-shortcut first-keystroke="f5" />
  </action>
  <action id="EditSource" />
  <action id="EditorDown">
    <keyboard-shortcut first-keystroke="down" />
    <keyboard-shortcut first-keystroke="ctrl n" />
  </action>
  <action id="EditorLookupSelectionDown">
    <keyboard-shortcut first-keystroke="ctrl n" />
  </action>
  <action id="EditorLookupSelectionUp">
    <keyboard-shortcut first-keystroke="ctrl p" />
  </action>
  <action id="EditorUp">
    <keyboard-shortcut first-keystroke="up" />
    <keyboard-shortcut first-keystroke="ctrl p" />
  </action>
  <action id="ExpressionTypeInfo">
    <keyboard-shortcut first-keystroke="alt h" />
  </action>
  <action id="ExternalSystem.OpenConfig" />
  <action id="FileStructurePopup">
    <keyboard-shortcut first-keystroke="f9" />
  </action>
  <action id="Find">
    <keyboard-shortcut first-keystroke="ctrl f" />
    <keyboard-shortcut first-keystroke="f3" />
  </action>
  <action id="FindNext" />
  <action id="FindPrevious">
    <keyboard-shortcut first-keystroke="shift ctrl l" />
  </action>
  <action id="FindUsages">
    <keyboard-shortcut first-keystroke="f7" />
  </action>
  <action id="GotoDeclaration">
    <keyboard-shortcut first-keystroke="ctrl b" />
    <mouse-shortcut keystroke="control button1" />
    <keyboard-shortcut first-keystroke="f12" />
  </action>
  <action id="GotoImplementation">
    <mouse-shortcut keystroke="control alt button1" />
  </action>
  <action id="GotoNextError">
    <keyboard-shortcut first-keystroke="ctrl period" />
  </action>
  <action id="JumpToLastWindow" />
  <action id="MainMenu">
    <keyboard-shortcut first-keystroke="alt m" />
  </action>
  <action id="MethodDown">
    <keyboard-shortcut first-keystroke="alt j" />
  </action>
  <action id="MethodUp">
    <keyboard-shortcut first-keystroke="alt k" />
  </action>
  <action id="MoveEditorToOppositeTabGroup">
    <keyboard-shortcut first-keystroke="alt period" />
  </action>
  <action id="MoveTabRight">
    <keyboard-shortcut first-keystroke="alt close_bracket" />
  </action>
  <action id="NavBar-navigate" />
  <action id="NewScratchFile">
    <keyboard-shortcut first-keystroke="shift ctrl alt insert" />
    <keyboard-shortcut first-keystroke="ctrl alt b" />
  </action>
  <action id="NextSplitter">
    <keyboard-shortcut first-keystroke="ctrl l" />
  </action>
  <action id="OpenEditorInOppositeTabGroup">
    <keyboard-shortcut first-keystroke="alt comma" />
  </action>
  <action id="OpenElementInNewWindow">
    <keyboard-shortcut first-keystroke="ctrl enter" />
  </action>
  <action id="ProjectViewEditSource" />
  <action id="RemoteHostView.EditSource" />
  <action id="Replace">
    <keyboard-shortcut first-keystroke="ctrl h" />
    <keyboard-shortcut first-keystroke="shift f3" />
  </action>
  <action id="Run">
    <keyboard-shortcut first-keystroke="alt r" />
  </action>
  <action id="RunToCursor" />
  <action id="Rust.Build" />
  <action id="Scratch.ShowFilesPopup">
    <keyboard-shortcut first-keystroke="shift ctrl alt b" />
  </action>
  <action id="SelectInProjectView">
    <keyboard-shortcut first-keystroke="f8" />
  </action>
  <action id="SelectNextOccurrence" />
  <action id="ShowBlankDiffWindow">
    <keyboard-shortcut first-keystroke="f10" />
  </action>
  <action id="ShowErrorDescription">
    <keyboard-shortcut first-keystroke="f1" />
  </action>
  <action id="Sql.EditParameter" />
  <action id="SwitchHeaderSource" />
  <action id="Table-startEditing" />
  <action id="Terminal.ClearBuffer" />
  <action id="Terminal.OpenInTerminal">
    <keyboard-shortcut first-keystroke="alt t" />
  </action>
  <action id="Tree-startEditing" />
  <action id="Unsplit">
    <keyboard-shortcut first-keystroke="alt open_bracket" />
  </action>
  <action id="Vcs.Log.FocusTextFilter" />
  <action id="Vcs.Log.ShowTooltip">
    <keyboard-shortcut first-keystroke="ctrl q" />
    <mouse-shortcut keystroke="alt button2" />
  </action>
  <action id="Vcs.ToggleAmendCommitMode" />
  <action id="XDebugger.EditWatch" />
  <action id="XDebugger.SetValue" />
  <action id="org.intellij.plugins.markdown.ui.actions.styling.ToggleCodeSpanAction" />
</keymap>