<keymap version="1" name="aQaMap" parent="NetBeans 6.5">
  <action id="ActivateTerminalToolWindow">
    <keyboard-shortcut first-keystroke="f4" />
  </action>
  <action id="Annotate">
    <keyboard-shortcut first-keystroke="alt b" />
  </action>
  <action id="ChooseRunConfiguration">
    <keyboard-shortcut first-keystroke="f6" />
  </action>
  <action id="Compile" />
  <action id="ContextHelp" />
  <action id="Debug">
    <keyboard-shortcut first-keystroke="f5" />
  </action>
  <action id="EditSource" />
  <action id="ExternalSystem.OpenConfig" />
  <action id="FileStructurePopup">
    <keyboard-shortcut first-keystroke="f9" />
  </action>
  <action id="Find">
    <keyboard-shortcut first-keystroke="ctrl f" />
    <keyboard-shortcut first-keystroke="f3" />
  </action>
  <action id="FindNext" />
  <action id="FindPrevious">
    <keyboard-shortcut first-keystroke="shift ctrl l" />
  </action>
  <action id="FindUsages">
    <keyboard-shortcut first-keystroke="f7" />
  </action>
  <action id="GotoDeclaration">
    <keyboard-shortcut first-keystroke="ctrl b" />
    <mouse-shortcut keystroke="control button1" />
    <keyboard-shortcut first-keystroke="f12" />
  </action>
  <action id="JumpToLastWindow" />
  <action id="MainMenu">
    <keyboard-shortcut first-keystroke="alt m" />
  </action>
  <action id="MoveEditorToOppositeTabGroup">
    <keyboard-shortcut first-keystroke="alt period" />
  </action>
  <action id="MoveTabRight">
    <keyboard-shortcut first-keystroke="alt close_bracket" />
  </action>
  <action id="NavBar-navigate" />
  <action id="NextSplitter">
    <keyboard-shortcut first-keystroke="ctrl l" />
  </action>
  <action id="ProjectViewEditSource" />
  <action id="RemoteHostView.EditSource" />
  <action id="Replace">
    <keyboard-shortcut first-keystroke="ctrl h" />
    <keyboard-shortcut first-keystroke="shift f3" />
  </action>
  <action id="Run">
    <keyboard-shortcut first-keystroke="f10" />
  </action>
  <action id="RunToCursor" />
  <action id="ShowErrorDescription">
    <keyboard-shortcut first-keystroke="f1" />
  </action>
  <action id="Sql.EditParameter" />
  <action id="SwitchHeaderSource" />
  <action id="Terminal.ClearBuffer" />
  <action id="Unsplit">
    <keyboard-shortcut first-keystroke="alt open_bracket" />
  </action>
  <action id="Vcs.Log.FocusTextFilter" />
  <action id="Vcs.ToggleAmendCommitMode" />
</keymap>