<application>
  <component name="DimensionService">
    <location key="#com.intellij.structuralsearch.plugin.ui.StructuralSearchDialog.0.0.3440.1440" x="1517" y="500" />
    <location key="find.popup.0.0.3440.1440" x="993" y="64" />
    <location key="REMOTE_DEVELOPMENT_CONNECTION.0.0.3440.1440" x="1281" y="455" />
    <location key="REMOTE_DEVELOPMENT_CONNECTION.0.0.2560.1440" x="918" y="356" />
    <location key="find.popup.0.0.2560.1440" x="0" y="1401" />
    <location key="find.popup.1.-1440.2560.1440" x="1304" y="-1199" />
    <location key="find.popup.0.0.2561.1440@144dpi" x="422" y="57" />
    <location key="find.popup.-5760.0.3840.2160@144dpi" x="-4089" y="86" />
    <location key="REMOTE_DEVELOPMENT_CONNECTION.-5760.0.3840.2160@144dpi" x="-3963" y="638" />
    <size key="GridCell.Tab.0.left.0.0.3440.1440" width="2126" height="432" />
    <size key="GridCell.Tab.0.center.0.0.3440.1440" width="2126" height="432" />
    <size key="GridCell.Tab.0.right.0.0.3440.1440" width="2126" height="432" />
    <size key="GridCell.Tab.0.bottom.0.0.3440.1440" width="2126" height="432" />
    <size key="GridCell.Tab.0.left.0.0.2560.1440" width="2494" height="1329" />
    <size key="GridCell.Tab.0.center.0.0.2560.1440" width="2494" height="1329" />
    <size key="GridCell.Tab.0.right.0.0.2560.1440" width="2494" height="1329" />
    <size key="GridCell.Tab.0.bottom.0.0.2560.1440" width="2494" height="1329" />
    <size key="GridCell.Tab.1.left.0.0.3440.1440" width="2126" height="432" />
    <size key="GridCell.Tab.1.center.0.0.3440.1440" width="2126" height="432" />
    <size key="GridCell.Tab.1.right.0.0.3440.1440" width="2126" height="432" />
    <size key="GridCell.Tab.1.bottom.0.0.3440.1440" width="2126" height="432" />
    <size key="#com.intellij.structuralsearch.plugin.ui.StructuralSearchDialog.0.0.3440.1440" width="1318" height="637" />
    <size key="find.popup.0.0.3440.1440" width="1990" height="1306" />
    <size key="REMOTE_DEVELOPMENT_CONNECTION.0.0.3440.1440" width="1507" height="820" />
    <size key="GridCell.Tab.0.left.0.2160.2561.1440@144dpi" width="3195" height="858" />
    <size key="GridCell.Tab.0.center.0.2160.2561.1440@144dpi" width="3195" height="858" />
    <size key="GridCell.Tab.0.right.0.2160.2561.1440@144dpi" width="3195" height="858" />
    <size key="GridCell.Tab.0.bottom.0.2160.2561.1440@144dpi" width="3195" height="858" />
    <size key="REMOTE_DEVELOPMENT_CONNECTION.0.0.2560.1440" width="1243" height="690" />
    <size key="find.popup.0.0.2560.1440" width="1473" height="1306" />
    <size key="#com.intellij.structuralsearch.plugin.ui.StructuralReplaceDialog.0.0.3440.1440" width="1318" height="609" />
    <size key="find.popup.1.-1440.2560.1440" width="730" height="851" />
    <size key="find.popup.0.0.2561.1440@144dpi" width="1904" height="1313" />
    <size key="find.popup.-5760.0.3840.2160@144dpi" width="1944" height="1968" />
    <size key="REMOTE_DEVELOPMENT_CONNECTION.-5760.0.3840.2160@144dpi" width="1221" height="1032" />
    <size key="javadoc.popup.new.0.0.3440.1440" width="745" height="857" />
    <size key="GridCell.Tab.1.left.0.0.2560.1440" width="2494" height="402" />
    <size key="GridCell.Tab.1.center.0.0.2560.1440" width="2494" height="402" />
    <size key="GridCell.Tab.1.right.0.0.2560.1440" width="2494" height="402" />
    <size key="GridCell.Tab.1.bottom.0.0.2560.1440" width="2494" height="402" />
    <size key="javadoc.popup.new.0.0.2560.1440" width="614" height="363" />
  </component>
  <component name="WindowManager">
    <frame x="329" y="1" width="2140" height="1447" extendedState="6" />
  </component>
  <component name="WindowStateApplicationService">
    <state width="765" height="122" key="ShowUsagesActions.dimensionServiceKey" timestamp="1744277626431">
      <screen x="0" y="0" width="2494" height="1440" />
    </state>
    <state width="669" height="96" key="ShowUsagesActions.dimensionServiceKey/-2560.0.1662.960/0.0.2492.1440" timestamp="1744188603293" />
    <state width="765" height="122" key="ShowUsagesActions.dimensionServiceKey/-2560.0.1663.960/0.0.2494.1440" timestamp="1744277626431" />
    <state width="634" height="96" key="ShowUsagesActions.dimensionServiceKey/-2560.0.1665.960/0.0.2497.1440" timestamp="1743593999254" />
    <state width="725" height="96" key="ShowUsagesActions.dimensionServiceKey/-2560.0.1998.1152/0.0.2497.1440" timestamp="1743505053008" />
    <state width="559" height="122" key="ShowUsagesActions.dimensionServiceKey/-2560.13.1995.1152/0.0.2494.1440" timestamp="1740063240659" />
    <state width="621" height="96" key="ShowUsagesActions.dimensionServiceKey/-2560.13.1997.1152/0.0.2496.1440" timestamp="1740580276366" />
    <state width="475" height="140" key="ShowUsagesActions.dimensionServiceKey/0.0.1644.960" timestamp="1743598261040" />
    <state width="641" height="96" key="ShowUsagesActions.dimensionServiceKey/0.0.1982.1152" timestamp="1739892529703" />
    <state width="642" height="210" key="ShowUsagesActions.dimensionServiceKey/0.0.3372.1440" timestamp="1744117504904" />
    <state width="677" height="122" key="ShowUsagesActions.dimensionServiceKey/0.0.3374.1440" timestamp="1740406034915" />
    <state width="735" height="96" key="ShowUsagesActions.dimensionServiceKey/0.0.3376.1440" timestamp="1742997541897" />
    <state width="653" height="118" key="ShowUsagesActions.dimensionServiceKey/0.0.3378.1440" timestamp="1739461675352" />
    <state width="658" height="96" key="ShowUsagesActions.dimensionServiceKey/0.0.3378.1440/-3840.0.2560.1440" timestamp="1738853927882" />
    <state width="589" height="96" key="ShowUsagesActions.dimensionServiceKey/0.1440.1665.960/0.0.2497.1440" timestamp="1743585143543" />
    <state width="759" height="96" key="ShowUsagesActions.dimensionServiceKey/0.1440.1997.1152/0.0.2496.1440" timestamp="1742313422159" />
    <state width="591" height="118" key="ShowUsagesActions.dimensionServiceKey/2560.0.1662.960/0.0.2492.1440" timestamp="1744043612634" />
    <state width="637" height="96" key="ShowUsagesActions.dimensionServiceKey/2560.0.1998.1152/0.0.2498.1440" timestamp="1737471797584" />
    <state width="1128" height="897" key="Vcs.CompareWithSelectedRevision.Popup" timestamp="1744186476493">
      <screen x="0" y="0" width="2492" height="1440" />
    </state>
    <state width="1128" height="897" key="Vcs.CompareWithSelectedRevision.Popup/-2560.0.1662.960/0.0.2492.1440" timestamp="1744186476493" />
    <state width="585" height="628" key="manage.recent.projects.popup" timestamp="1744281742839">
      <screen x="0" y="0" width="2494" height="1440" />
    </state>
    <state width="585" height="628" key="manage.recent.projects.popup/-2560.0.1663.960/0.0.2494.1440" timestamp="1744281742839" />
  </component>
</application>