<application>
  <component name="FileTypeManager" version="19">
    <extensionMap>
      <mapping pattern="scratch_2" type="AUTO_DETECTED" />
      <mapping pattern=".sqa" type="PLAIN_TEXT" />
      <mapping pattern="rust-toolchain" type="PLAIN_TEXT" />
      <mapping pattern=".config" type="PLAIN_TEXT" />
      <mapping pattern=".variant-SYNC-ALSI10-DEBUG-X8-ESSL" type="PLAIN_TEXT" />
      <mapping pattern="config" type="PLAIN_TEXT" />
      <mapping ext="pem" type="PLAIN_TEXT" />
      <mapping ext="desktop" type="PLAIN_TEXT" />
      <mapping ext="service" type="PLAIN_TEXT" />
      <mapping pattern="akamake" type="Shell Script" />
      <mapping pattern="*.toml.in" type="TOML" />
      <removed_mapping ext="ignore" approved="true" type="IgnoreLang file" />
      <removed_mapping ext="pdf" approved="true" type="Native" />
    </extensionMap>
  </component>
</application>