<application>
  <component name="GeneralSettings">
    <option name="showTipsOnStartup" value="false" />
    <option name="autoSyncFiles" value="false" />
    <option name="isUseSafeWrite" value="false" />
    <option name="searchInBackground" value="true" />
    <option name="confirmExit" value="false" />
    <option name="confirmOpenNewProject2" value="-1" />
  </component>
  <component name="Registry">
    <entry key="ide.tooltip.initialDelay" value="0" source="SYSTEM" />
    <entry key="org.toml.json.schema" value="false" source="SYSTEM" />
    <entry key="debugger.attach.dialog.enabled" value="true" source="SYSTEM" />
    <entry key="ide.experimental.ui" value="true" source="SYSTEM" />
    <entry key="moved.to.new.ui" value="true" source="SYSTEM" />
  </component>
  <component name="StatusBar">
    <option name="widgets">
      <map>
        <entry key="ClangdMemory" value="true" />
        <entry key="CodeStyleStatusBarWidget" value="false" />
        <entry key="Encoding" value="false" />
        <entry key="IdeaVim-Icon" value="false" />
        <entry key="IdeaVimMacro" value="false" />
        <entry key="IdeaVimMode" value="false" />
        <entry key="LineSeparator" value="false" />
        <entry key="Notifications" value="false" />
        <entry key="Position" value="false" />
        <entry key="ReadOnlyAttribute" value="false" />
        <entry key="VfsRefresh" value="true" />
        <entry key="git" value="false" />
        <entry key="rustExternalLinterWidget" value="false" />
        <entry key="rustResolveContextWidget" value="false" />
        <entry key="settingsEntryPointWidget" value="false" />
        <entry key="webDeployment.default.server.widget" value="false" />
      </map>
    </option>
  </component>
</application>