<application>
  <component name="UISettings">
    <option name="animatedScrollingCurvePoints" value="13134024" />
    <option name="animatedScrollingDuration" value="100" />
    <option name="EDITOR_TAB_PLACEMENT" value="3" />
    <option name="FULL_PATHS_IN_TITLE_BAR" value="true" />
    <option name="HIDE_TOOL_STRIPES" value="true" />
    <option name="MAX_LOOKUP_LIST_HEIGHT" value="30" />
    <option name="MAX_LOOKUP_WIDTH2" value="823" />
    <option name="BORDERLESS_MODE" value="false" />
    <option name="SCROLL_TAB_LAYOUT_IN_EDITOR" value="false" />
    <option name="SHOW_MAIN_MENU" value="false" />
    <option name="SHOW_NEW_MAIN_TOOLBAR" value="false" />
    <option name="SHOW_PREVIEW_IN_SEARCH_EVERYWHERE" value="true" />
    <option name="showTreeIndentGuides" value="true" />
    <option name="UI_DENSITY" value="COMPACT" />
    <option name="WIDESCREEN_SUPPORT" value="true" />
  </component>
</application>