<application>
  <component name="UsageViewSettings">
    <option name="IS_EXPANDED" value="true" />
    <option name="FLATTEN_MODULES" value="false" />
    <option name="GROUP_BY_DIRECTORY_STRUCTURE" value="true" />
    <option name="GROUP_BY_FILE_STRUCTURE" value="false" />
    <option name="GROUP_BY_MODULE" value="false" />
    <option name="GROUP_BY_PACKAGE" value="false" />
    <option name="GROUP_BY_SCOPE" value="true" />
    <option name="PREVIEW_USAGES_SPLITTER_PROPORTIONS" value="0.5002382" />
  </component>
</application>