<application>
  <component name="DimensionService">
    <location key="#com.intellij.structuralsearch.plugin.ui.StructuralSearchDialog.0.0.3440.1440" x="1517" y="500" />
    <location key="find.popup.0.0.3440.1440" x="0" y="0" />
    <location key="REMOTE_DEVELOPMENT_CONNECTION.0.0.3440.1440" x="1281" y="455" />
    <location key="REMOTE_DEVELOPMENT_CONNECTION.0.0.2560.1440" x="918" y="356" />
    <location key="find.popup.0.0.2560.1440" x="0" y="0" />
    <location key="find.popup.1.-1440.2560.1440" x="1304" y="-1199" />
    <location key="find.popup.0.0.2561.1440@144dpi" x="422" y="57" />
    <location key="find.popup.-5760.0.3840.2160@144dpi" x="-4089" y="86" />
    <location key="REMOTE_DEVELOPMENT_CONNECTION.-5760.0.3840.2160@144dpi" x="-3963" y="638" />
    <location key="find.popup.3840.0.2560.1440" x="4329" y="162" />
    <location key="find.popup.0.0.3840.2400@192dpi" x="734" y="318" />
    <location key="find.popup.0.0.3840.2400" x="714" y="270" />
    <location key="find.popup.5120.0.7680.4800@192dpi" x="0" y="0" />
    <size key="GridCell.Tab.0.left.0.0.3440.1440" width="1509" height="423" />
    <size key="GridCell.Tab.0.center.0.0.3440.1440" width="1509" height="423" />
    <size key="GridCell.Tab.0.right.0.0.3440.1440" width="1509" height="423" />
    <size key="GridCell.Tab.0.bottom.0.0.3440.1440" width="1509" height="423" />
    <size key="GridCell.Tab.0.left.0.0.2560.1440" width="1833" height="311" />
    <size key="GridCell.Tab.0.center.0.0.2560.1440" width="1833" height="311" />
    <size key="GridCell.Tab.0.right.0.0.2560.1440" width="1833" height="311" />
    <size key="GridCell.Tab.0.bottom.0.0.2560.1440" width="1833" height="311" />
    <size key="GridCell.Tab.1.left.0.0.3440.1440" width="2126" height="432" />
    <size key="GridCell.Tab.1.center.0.0.3440.1440" width="2126" height="432" />
    <size key="GridCell.Tab.1.right.0.0.3440.1440" width="2126" height="432" />
    <size key="GridCell.Tab.1.bottom.0.0.3440.1440" width="2126" height="432" />
    <size key="#com.intellij.structuralsearch.plugin.ui.StructuralSearchDialog.0.0.3440.1440" width="1318" height="637" />
    <size key="find.popup.0.0.3440.1440" width="1575" height="1032" />
    <size key="REMOTE_DEVELOPMENT_CONNECTION.0.0.3440.1440" width="1507" height="820" />
    <size key="GridCell.Tab.0.left.0.2160.2561.1440@144dpi" width="3195" height="858" />
    <size key="GridCell.Tab.0.center.0.2160.2561.1440@144dpi" width="3195" height="858" />
    <size key="GridCell.Tab.0.right.0.2160.2561.1440@144dpi" width="3195" height="858" />
    <size key="GridCell.Tab.0.bottom.0.2160.2561.1440@144dpi" width="3195" height="858" />
    <size key="REMOTE_DEVELOPMENT_CONNECTION.0.0.2560.1440" width="1243" height="690" />
    <size key="find.popup.0.0.2560.1440" width="1856" height="1140" />
    <size key="#com.intellij.structuralsearch.plugin.ui.StructuralReplaceDialog.0.0.3440.1440" width="1318" height="609" />
    <size key="find.popup.1.-1440.2560.1440" width="730" height="851" />
    <size key="find.popup.0.0.2561.1440@144dpi" width="1904" height="1313" />
    <size key="find.popup.-5760.0.3840.2160@144dpi" width="1944" height="1968" />
    <size key="REMOTE_DEVELOPMENT_CONNECTION.-5760.0.3840.2160@144dpi" width="1221" height="1032" />
    <size key="javadoc.popup.new.0.0.3440.1440" width="745" height="857" />
    <size key="GridCell.Tab.1.left.0.0.2560.1440" width="1833" height="311" />
    <size key="GridCell.Tab.1.center.0.0.2560.1440" width="1833" height="311" />
    <size key="GridCell.Tab.1.right.0.0.2560.1440" width="1833" height="311" />
    <size key="GridCell.Tab.1.bottom.0.0.2560.1440" width="1833" height="311" />
    <size key="javadoc.popup.new.0.0.2560.1440" width="614" height="363" />
    <size key="GridCell.Tab.0.left.0.0.3840.2400@192dpi" width="3744" height="702" />
    <size key="GridCell.Tab.0.center.0.0.3840.2400@192dpi" width="3744" height="702" />
    <size key="GridCell.Tab.0.right.0.0.3840.2400@192dpi" width="3744" height="702" />
    <size key="GridCell.Tab.0.bottom.0.0.3840.2400@192dpi" width="3744" height="702" />
    <size key="find.popup.3840.0.2560.1440" width="1856" height="1139" />
    <size key="find.popup.0.0.3840.2400@192dpi" width="2784" height="1858" />
    <size key="find.popup.0.0.3840.2400" width="2709" height="1899" />
    <size key="GridCell.Tab.2.left.0.0.2560.1440" width="1833" height="311" />
    <size key="GridCell.Tab.2.center.0.0.2560.1440" width="1833" height="311" />
    <size key="GridCell.Tab.2.right.0.0.2560.1440" width="1833" height="311" />
    <size key="GridCell.Tab.2.bottom.0.0.2560.1440" width="1833" height="311" />
    <size key="GridCell.Tab.3.left.0.0.2560.1440" width="1833" height="311" />
    <size key="GridCell.Tab.3.center.0.0.2560.1440" width="1833" height="311" />
    <size key="GridCell.Tab.3.right.0.0.2560.1440" width="1833" height="311" />
    <size key="GridCell.Tab.3.bottom.0.0.2560.1440" width="1833" height="311" />
    <size key="find.popup.5120.0.7680.4800@192dpi" width="3712" height="2280" />
  </component>
  <component name="WindowManager">
    <frame x="2550" y="27" width="2037" height="1437" />
  </component>
  <component name="WindowStateApplicationService">
    <state width="663" height="763" key="ShowUsagesActions.dimensionServiceKey" timestamp="1754924221110">
      <screen x="0" y="0" width="3440" height="1440" />
    </state>
    <state width="496" height="116" key="ShowUsagesActions.dimensionServiceKey/0.0.1868.1200" timestamp="1747571129106" />
    <state width="510" height="116" key="ShowUsagesActions.dimensionServiceKey/0.0.1872.1200" timestamp="1746639662845" />
    <state width="658" height="138" key="ShowUsagesActions.dimensionServiceKey/0.0.2508.1440" timestamp="1753101621828" />
    <state width="629" height="116" key="ShowUsagesActions.dimensionServiceKey/0.0.2560.1440" timestamp="1754400142914" />
    <state width="575" height="138" key="ShowUsagesActions.dimensionServiceKey/0.0.2560.1440/2560.0.1920.1200" timestamp="1747830929891" />
    <state width="829" height="162" key="ShowUsagesActions.dimensionServiceKey/0.0.2560.1440/2560.0.3840.2400" timestamp="1754647233529" />
    <state width="719" height="116" key="ShowUsagesActions.dimensionServiceKey/0.0.3388.1440" timestamp="1749478816136" />
    <state width="663" height="763" key="ShowUsagesActions.dimensionServiceKey/0.0.3440.1440" timestamp="1754924221110" />
    <state width="792" height="116" key="ShowUsagesActions.dimensionServiceKey/0.27.1920.1173" timestamp="1750774409150" />
    <state width="701" height="182" key="ShowUsagesActions.dimensionServiceKey/0.27.2560.1413" timestamp="1751640249485" />
    <state width="631" height="336" key="ShowUsagesActions.dimensionServiceKey/0.27.3440.1413" timestamp="1751897687602" />
    <state width="511" height="94" key="ShowUsagesActions.dimensionServiceKey/3840.0.3440.1440/0.0.3840.2160" timestamp="1746632828639" />
  </component>
</application>